[
	{
		"pkg": "@capacitor-community/facebook-login",
		"classpath": "com.getcapacitor.community.facebooklogin.FacebookLogin"
	},
	{
		"pkg": "@capacitor-community/generic-oauth2",
		"classpath": "com.getcapacitor.community.genericoauth2.GenericOAuth2Plugin"
	},
	{
		"pkg": "@capacitor-firebase/authentication",
		"classpath": "io.capawesome.capacitorjs.plugins.firebase.authentication.FirebaseAuthenticationPlugin"
	},
	{
		"pkg": "@capacitor/app",
		"classpath": "com.capacitorjs.plugins.app.AppPlugin"
	},
	{
		"pkg": "@capacitor/browser",
		"classpath": "com.capacitorjs.plugins.browser.BrowserPlugin"
	},
	{
		"pkg": "@capacitor/haptics",
		"classpath": "com.capacitorjs.plugins.haptics.HapticsPlugin"
	},
	{
		"pkg": "@capacitor/keyboard",
		"classpath": "com.capacitorjs.plugins.keyboard.KeyboardPlugin"
	},
	{
		"pkg": "@capacitor/network",
		"classpath": "com.capacitorjs.plugins.network.NetworkPlugin"
	},
	{
		"pkg": "@capacitor/status-bar",
		"classpath": "com.capacitorjs.plugins.statusbar.StatusBarPlugin"
	}
]
