{
	"appId": "com.regimento.app",
	"appName": "Regimento Interno Comentado",
	"webDir": "www",
	"plugins": {
		"SplashScreen": {
			"launchShowDuration": 0
		},
		"Keyboard": {
			"resize": "body"
		},
		"GoogleAuth": {
			"scopes": [
				"profile",
				"email"
			],
			"serverClientId": "10593129361-sqku04f9hioan9jpd2g6irrlc6uugo1a.apps.googleusercontent.com",
			"forceCodeForRefreshToken": true
		},
		"GenericOauth2": {
			"android": {
				"scheme": "com.regimento.app"
			},
			"ios": {
				"scheme": "com.regimento.app"
			}
		}
	}
}
